-- 清空表数据
DELETE FROM `Score`;
DELETE FROM `Student`;
DELETE FROM `Course`;
DELETE FROM `User`;

-- 插入用户数据
INSERT INTO `User` (username, password, name, role, createdAt, updatedAt) VALUES 
('admin', '$2a$10$92IXUNpkjO0rOQ5byMi.Ye4oKoEa3Ro9llC/.og/at2.uheWG/igi', '管理员', 'ADMIN', CURRENT_TIMESTAMP, CURRENT_TIMESTAMP),
('teacher1', '$2a$10$92IXUNpkjO0rOQ5byMi.Ye4oKoEa3Ro9llC/.og/at2.uheWG/igi', '张老师', 'TEACHER', CURRENT_TIMESTAMP, CURRENT_TIMESTAMP),
('teacher2', '$2a$10$92IXUNpkjO0rOQ5byMi.Ye4oKoEa3Ro9llC/.og/at2.uheWG/igi', '李老师', 'TEACHER', CURRENT_TIMESTAMP, CURRENT_TIMESTAMP),
('student1', '$2a$10$92IXUNpkjO0rOQ5byMi.Ye4oKoEa3Ro9llC/.og/at2.uheWG/igi', '王同学', 'STUDENT', CURRENT_TIMESTAMP, CURRENT_TIMESTAMP);

-- 插入学生数据
INSERT INTO `Student` (studentId, name, gender, major, grade, createdAt, updatedAt) VALUES
('2021001', '张三', '男', '计算机科学', 2021, CURRENT_TIMESTAMP, CURRENT_TIMESTAMP),
('2021002', '李四', '女', '软件工程', 2021, CURRENT_TIMESTAMP, CURRENT_TIMESTAMP),
('2021003', '王五', '男', '人工智能', 2021, CURRENT_TIMESTAMP, CURRENT_TIMESTAMP),
('2021004', '赵六', '女', '数据科学', 2021, CURRENT_TIMESTAMP, CURRENT_TIMESTAMP),
('2021005', '孙七', '男', '计算机科学', 2021, CURRENT_TIMESTAMP, CURRENT_TIMESTAMP);

-- 插入课程数据
INSERT INTO `Course` (courseId, courseName, teacher, createdAt, updatedAt) VALUES
('CS101', '计算机导论', '张老师', CURRENT_TIMESTAMP, CURRENT_TIMESTAMP),
('CS102', '数据结构', '李老师', CURRENT_TIMESTAMP, CURRENT_TIMESTAMP),
('CS103', '操作系统', '张老师', CURRENT_TIMESTAMP, CURRENT_TIMESTAMP),
('CS104', '数据库原理', '李老师', CURRENT_TIMESTAMP, CURRENT_TIMESTAMP),
('CS105', '计算机网络', '张老师', CURRENT_TIMESTAMP, CURRENT_TIMESTAMP);

-- 插入成绩数据
INSERT INTO `Score` (score, studentId, courseId, createdAt, updatedAt) VALUES
(85.5, '2021001', 'CS101', CURRENT_TIMESTAMP, CURRENT_TIMESTAMP),
(92.0, '2021001', 'CS102', CURRENT_TIMESTAMP, CURRENT_TIMESTAMP),
(88.5, '2021001', 'CS103', CURRENT_TIMESTAMP, CURRENT_TIMESTAMP),
(91.0, '2021002', 'CS101', CURRENT_TIMESTAMP, CURRENT_TIMESTAMP),
(89.5, '2021002', 'CS102', CURRENT_TIMESTAMP, CURRENT_TIMESTAMP),
(94.0, '2021003', 'CS101', CURRENT_TIMESTAMP, CURRENT_TIMESTAMP),
(87.5, '2021003', 'CS103', CURRENT_TIMESTAMP, CURRENT_TIMESTAMP),
(90.0, '2021004', 'CS102', CURRENT_TIMESTAMP, CURRENT_TIMESTAMP),
(93.5, '2021004', 'CS104', CURRENT_TIMESTAMP, CURRENT_TIMESTAMP),
(86.0, '2021005', 'CS101', CURRENT_TIMESTAMP, CURRENT_TIMESTAMP),
(88.0, '2021005', 'CS105', CURRENT_TIMESTAMP, CURRENT_TIMESTAMP);