-- -- 清空表数据
-- DELETE FROM `Score`;
-- DELETE FROM `Student`;
-- DELETE FROM `Course`;
-- DELETE FROM `User`;

-- 插入用户数据
INSERT INTO `User` (username, password, name, role, createdAt, updatedAt) VALUES 
('admin', '$2a$10$ygVxYnnmeO3Suk5eaL2i2ueXfXPTmLooiZphkoCvTYcfKMDgBsrdS', '管理员', 'ADMIN', CURRENT_TIMESTAMP, CURRENT_TIMESTAMP),
('teacher1', '$2a$10$ygVxYnnmeO3Suk5eaL2i2ueXfXPTmLooiZphkoCvTYcfKMDgBsrdS', '张明', 'TEACHER', CURRENT_TIMESTAMP, CURRENT_TIMESTAMP),
('teacher2', '$2a$10$ygVxYnnmeO3Suk5eaL2i2ueXfXPTmLooiZphkoCvTYcfKMDgBsrdS', '李华', 'TEACHER', CURRENT_TIMESTAMP, CURRENT_TIMESTAMP),
('zhaowei', '$2a$10$ygVxYnnmeO3Suk5eaL2i2ueXfXPTmLooiZphkoCvTYcfKMDgBsrdS', '赵伟', 'STUDENT', CURRENT_TIMESTAMP, CURRENT_TIMESTAMP),
('wanglei', '$2a$10$ygVxYnnmeO3Suk5eaL2i2ueXfXPTmLooiZphkoCvTYcfKMDgBsrdS', '王磊', 'STUDENT', CURRENT_TIMESTAMP, CURRENT_TIMESTAMP),
('lihaoyu', '$2a$10$ygVxYnnmeO3Suk5eaL2i2ueXfXPTmLooiZphkoCvTYcfKMDgBsrdS', '李濠宇', 'STUDENT', CURRENT_TIMESTAMP, CURRENT_TIMESTAMP);

-- 插入学生数据
INSERT INTO `Student` (studentId, name, gender, major, grade, createdAt, updatedAt) VALUES
('2021008', '赵伟', '男', '计算机科学', 2021, CURRENT_TIMESTAMP, CURRENT_TIMESTAMP),
('2021001', '陈俊杰', '男', '计算机科学', 2021, CURRENT_TIMESTAMP, CURRENT_TIMESTAMP),
('2021002', '林雨晴', '女', '软件工程', 2021, CURRENT_TIMESTAMP, CURRENT_TIMESTAMP),
('2021003', '张伟明', '男', '人工智能', 2021, CURRENT_TIMESTAMP, CURRENT_TIMESTAMP),
('2021004', '刘芳芳', '女', '数据科学', 2021, CURRENT_TIMESTAMP, CURRENT_TIMESTAMP),
('2021005', '黄子豪', '男', '计算机科学', 2021, CURRENT_TIMESTAMP, CURRENT_TIMESTAMP),
('2021006', '王磊', '男', '计算机科学', 2021, CURRENT_TIMESTAMP, CURRENT_TIMESTAMP),
('2021007', '李濠宇', '男', '软件工程', 2021, CURRENT_TIMESTAMP, CURRENT_TIMESTAMP);

-- 插入课程数据
INSERT INTO `Course` (courseId, courseName, teacher, createdAt, updatedAt) VALUES
('CS101', '计算机导论', '张明', CURRENT_TIMESTAMP, CURRENT_TIMESTAMP),
('CS102', '数据结构', '李华', CURRENT_TIMESTAMP, CURRENT_TIMESTAMP),
('CS103', '操作系统', '张明', CURRENT_TIMESTAMP, CURRENT_TIMESTAMP),
('CS104', '数据库原理', '李华', CURRENT_TIMESTAMP, CURRENT_TIMESTAMP),
('CS105', '计算机网络', '张明', CURRENT_TIMESTAMP, CURRENT_TIMESTAMP);

-- 插入成绩数据
INSERT INTO `Score` (score, studentId, courseId, createdAt, updatedAt) VALUES
(60.5, '2021008', 'CS101', CURRENT_TIMESTAMP, CURRENT_TIMESTAMP),
(55.0, '2021008', 'CS102', CURRENT_TIMESTAMP, CURRENT_TIMESTAMP),
(45.5, '2021008', 'CS103', CURRENT_TIMESTAMP, CURRENT_TIMESTAMP),
(58.0, '2021008', 'CS104', CURRENT_TIMESTAMP, CURRENT_TIMESTAMP),
(52.5, '2021008', 'CS105', CURRENT_TIMESTAMP, CURRENT_TIMESTAMP),
(85.5, '2021001', 'CS101', CURRENT_TIMESTAMP, CURRENT_TIMESTAMP),
(92.0, '2021001', 'CS102', CURRENT_TIMESTAMP, CURRENT_TIMESTAMP),
(88.5, '2021001', 'CS103', CURRENT_TIMESTAMP, CURRENT_TIMESTAMP),
(91.0, '2021002', 'CS101', CURRENT_TIMESTAMP, CURRENT_TIMESTAMP),
(89.5, '2021002', 'CS102', CURRENT_TIMESTAMP, CURRENT_TIMESTAMP),
(94.0, '2021003', 'CS101', CURRENT_TIMESTAMP, CURRENT_TIMESTAMP),
(87.5, '2021003', 'CS103', CURRENT_TIMESTAMP, CURRENT_TIMESTAMP),
(90.0, '2021004', 'CS102', CURRENT_TIMESTAMP, CURRENT_TIMESTAMP),
(93.5, '2021004', 'CS104', CURRENT_TIMESTAMP, CURRENT_TIMESTAMP),
(86.0, '2021005', 'CS101', CURRENT_TIMESTAMP, CURRENT_TIMESTAMP),
(88.0, '2021005', 'CS105', CURRENT_TIMESTAMP, CURRENT_TIMESTAMP),
(88.5, '2021006', 'CS101', CURRENT_TIMESTAMP, CURRENT_TIMESTAMP),
(92.0, '2021006', 'CS102', CURRENT_TIMESTAMP, CURRENT_TIMESTAMP),
(85.5, '2021006', 'CS103', CURRENT_TIMESTAMP, CURRENT_TIMESTAMP),
(90.0, '2021006', 'CS104', CURRENT_TIMESTAMP, CURRENT_TIMESTAMP),
(87.5, '2021006', 'CS105', CURRENT_TIMESTAMP, CURRENT_TIMESTAMP),
(86.0, '2021007', 'CS101', CURRENT_TIMESTAMP, CURRENT_TIMESTAMP),
(89.5, '2021007', 'CS102', CURRENT_TIMESTAMP, CURRENT_TIMESTAMP),
(91.0, '2021007', 'CS103', CURRENT_TIMESTAMP, CURRENT_TIMESTAMP),
(88.0, '2021007', 'CS104', CURRENT_TIMESTAMP, CURRENT_TIMESTAMP),
(93.5, '2021007', 'CS105', CURRENT_TIMESTAMP, CURRENT_TIMESTAMP);